input,deltaHeron,deltaLookup,deltaTaylor
100000.000000000000000,0.000000000000000,0.000061035156250,0.000000000000000
100100.000000000000000,0.000000000000000,0.000000000000000,0.000030517578125
100200.000000000000000,0.000000000000000,0.000000000000000,0.000030517578125
100300.000000000000000,0.000000000000000,0.000000000000000,0.000000000000000
100400.000000000000000,0.000000000000000,0.000000000000000,0.000000000000000
100500.000000000000000,0.000000000000000,0.000030517578125,0.000000000000000
100600.000000000000000,0.000000000000000,0.000000000000000,0.000000000000000
100700.000000000000000,0.000000000000000,0.000000000000000,0.000030517578125
100800.000000000000000,0.000000000000000,0.000000000000000,0.000000000000000
100900.000000000000000,0.000000000000000,0.000000000000000,0.000000000000000
101000.000000000000000,0.000000000000000,0.000030517578125,0.000000000000000
101100.000000000000000,0.000000000000000,0.000030517578125,0.000061035156250
101200.000000000000000,0.000000000000000,0.000000000000000,0.000030517578125
101300.000000000000000,0.000000000000000,0.000030517578125,0.000000000000000
101400.000000000000000,0.000000000000000,0.000000000000000,0.000030517578125
101500.000000000000000,0.000000000000000,0.000000000000000,0.000030517578125
101600.000000000000000,0.000000000000000,0.000030517578125,0.000000000000000
101700.000000000000000,0.000000000000000,0.000030517578125,0.000030517578125
101800.000000000000000,0.000000000000000,0.000030517578125,0.000030517578125
101900.000000000000000,0.000000000000000,0.000030517578125,0.000000000000000
102000.000000000000000,0.000000000000000,0.000030517578125,0.000000000000000
102100.000000000000000,0.000000000000000,0.000030517578125,0.000030517578125
102200.000000000000000,0.000000000000000,0.000000000000000,0.000030517578125
102300.000000000000000,0.000000000000000,0.000000000000000,0.000030517578125
102400.000000000000000,0.000000000000000,0.000000000000000,0.000000000000000
102500.000000000000000,0.000000000000000,0.000000000000000,0.000000000000000
102600.000000000000000,0.000000000000000,0.000030517578125,0.000000000000000
102700.000000000000000,0.000000000000000,0.000030517578125,0.000000000000000
102800.000000000000000,0.000000000000000,0.000000000000000,0.000000000000000
102900.000000000000000,0.000000000000000,0.000030517578125,0.000000000000000
103000.000000000000000,0.000000000000000,0.000000000000000,0.000000000000000
103100.000000000000000,0.000000000000000,0.000030517578125,0.000030517578125
103200.000000000000000,0.000000000000000,0.000000000000000,0.000030517578125
103300.000000000000000,0.000000000000000,0.000000000000000,0.000000000000000
103400.000000000000000,0.000000000000000,0.000000000000000,0.000030517578125
103500.000000000000000,0.000000000000000,0.000000000000000,0.000000000000000
103600.000000000000000,0.000000000000000,0.000000000000000,0.000000000000000
103700.000000000000000,0.000000000000000,0.000000000000000,0.000000000000000
103800.000000000000000,0.000000000000000,0.000030517578125,0.000061035156250
103900.000000000000000,0.000000000000000,0.000000000000000,0.000030517578125
104000.000000000000000,0.000000000000000,0.000000000000000,0.000000000000000
104100.000000000000000,0.000000000000000,0.000030517578125,0.000030517578125
104200.000000000000000,0.000000000000000,0.000000000000000,0.000030517578125
104300.000000000000000,0.000000000000000,0.000030517578125,0.000000000000000
104400.000000000000000,0.000000000000000,0.000000000000000,0.000000000000000
104500.000000000000000,0.000000000000000,0.000000000000000,0.000030517578125
104600.000000000000000,0.000000000000000,0.000030517578125,0.000000000000000
104700.000000000000000,0.000000000000000,0.000030517578125,0.000000000000000
104800.000000000000000,0.000000000000000,0.000000000000000,0.000000000000000
104900.000000000000000,0.000000000000000,0.000000000000000,0.000030517578125
105000.000000000000000,0.000000000000000,0.000030517578125,0.000000000000000
105100.000000000000000,0.000000000000000,0.000000000000000,0.000030517578125
105200.000000000000000,0.000000000000000,0.000000000000000,0.000000000000000
105300.000000000000000,0.000000000000000,0.000030517578125,0.000030517578125
105400.000000000000000,0.000000000000000,0.000000000000000,0.000000000000000
105500.000000000000000,0.000000000000000,0.000000000000000,0.000000000000000
105600.000000000000000,0.000000000000000,0.000030517578125,0.000000000000000
105700.000000000000000,0.000000000000000,0.000030517578125,0.000030517578125
105800.000000000000000,0.000000000000000,0.000000000000000,0.000000000000000
105900.000000000000000,0.000000000000000,0.000000000000000,0.000000000000000
106000.000000000000000,0.000000000000000,0.000000000000000,0.000000000000000
106100.000000000000000,0.000000000000000,0.000000000000000,0.000000000000000
106200.000000000000000,0.000000000000000,0.000000000000000,0.000000000000000
106300.000000000000000,0.000000000000000,0.000000000000000,0.000000000000000
106400.000000000000000,0.000000000000000,0.000000000000000,0.000030517578125
106500.000000000000000,0.000000000000000,0.000000000000000,0.000030517578125
106600.000000000000000,0.000000000000000,0.000000000000000,0.000000000000000
106700.000000000000000,0.000000000000000,0.000000000000000,0.000000000000000
106800.000000000000000,0.000000000000000,0.000000000000000,0.000030517578125
106900.000000000000000,0.000000000000000,0.000030517578125,0.000000000000000
107000.000000000000000,0.000000000000000,0.000000000000000,0.000000000000000
107100.000000000000000,0.000000000000000,0.000000000000000,0.000030517578125
107200.000000000000000,0.000000000000000,0.000030517578125,0.000030517578125
107300.000000000000000,0.000000000000000,0.000000000000000,0.000030517578125
107400.000000000000000,0.000000000000000,0.000030517578125,0.000000000000000
107500.000000000000000,0.000000000000000,0.000030517578125,0.000000000000000
107600.000000000000000,0.000000000000000,0.000000000000000,0.000030517578125
107700.000000000000000,0.000000000000000,0.000000000000000,0.000000000000000
107800.000000000000000,0.000000000000000,0.000000000000000,0.000000000000000
107900.000000000000000,0.000000000000000,0.000000000000000,0.000000000000000
108000.000000000000000,0.000000000000000,0.000030517578125,0.000030517578125
108100.000000000000000,0.000000000000000,0.000030517578125,0.000000000000000
108200.000000000000000,0.000000000000000,0.000030517578125,0.000030517578125
108300.000000000000000,0.000000000000000,0.000030517578125,0.000000000000000
108400.000000000000000,0.000000000000000,0.000000000000000,0.000000000000000
108500.000000000000000,0.000000000000000,0.000000000000000,0.000000000000000
108600.000000000000000,0.000000000000000,0.000030517578125,0.000030517578125
108700.000000000000000,0.000000000000000,0.000030517578125,0.000030517578125
108800.000000000000000,0.000000000000000,0.000000000000000,0.000000000000000
108900.000000000000000,0.000000000000000,0.000000000000000,0.000000000000000
109000.000000000000000,0.000000000000000,0.000030517578125,0.000000000000000
109100.000000000000000,0.000000000000000,0.000000000000000,0.000030517578125
109200.000000000000000,0.000000000000000,0.000000000000000,0.000030517578125
109300.000000000000000,0.000000000000000,0.000030517578125,0.000000000000000
109400.000000000000000,0.000000000000000,0.000000000000000,0.000000000000000
109500.000000000000000,0.000000000000000,0.000030517578125,0.000000000000000
109600.000000000000000,0.000000000000000,0.000000000000000,0.000000000000000
109700.000000000000000,0.000000000000000,0.000000000000000,0.000030517578125
109800.000000000000000,0.000000000000000,0.000000000000000,0.000000000000000
109900.000000000000000,0.000000000000000,0.000030517578125,0.000000000000000
110000.000000000000000,0.000000000000000,0.000000000000000,0.000000000000000
110100.000000000000000,0.000000000000000,0.000000000000000,0.000000000000000
110200.000000000000000,0.000000000000000,0.000030517578125,0.000030517578125
110300.000000000000000,0.000000000000000,0.000030517578125,0.000030517578125
110400.000000000000000,0.000000000000000,0.000000000000000,0.000030517578125
110500.000000000000000,0.000000000000000,0.000000000000000,0.000000000000000
110600.000000000000000,0.000000000000000,0.000030517578125,0.000000000000000
110700.000000000000000,0.000000000000000,0.000000000000000,0.000030517578125
110800.000000000000000,0.000000000000000,0.000000000000000,0.000030517578125
110900.000000000000000,0.000000000000000,0.000000000000000,0.000000000000000
111000.000000000000000,0.000000000000000,0.000000000000000,0.000030517578125
111100.000000000000000,0.000000000000000,0.000000000000000,0.000000000000000
111200.000000000000000,0.000000000000000,0.000030517578125,0.000000000000000
111300.000000000000000,0.000000000000000,0.000000000000000,0.000030517578125
111400.000000000000000,0.000000000000000,0.000000000000000,0.000000000000000
111500.000000000000000,0.000000000000000,0.000030517578125,0.000030517578125
111600.000000000000000,0.000000000000000,0.000000000000000,0.000000000000000
111700.000000000000000,0.000000000000000,0.000030517578125,0.000030517578125
111800.000000000000000,0.000000000000000,0.000000000000000,0.000030517578125
111900.000000000000000,0.000000000000000,0.000030517578125,0.000000000000000
112000.000000000000000,0.000000000000000,0.000000000000000,0.000000000000000
112100.000000000000000,0.000000000000000,0.000000000000000,0.000030517578125
112200.000000000000000,0.000000000000000,0.000000000000000,0.000000000000000
112300.000000000000000,0.000000000000000,0.000030517578125,0.000000000000000
112400.000000000000000,0.000000000000000,0.000030517578125,0.000061035156250
112500.000000000000000,0.000000000000000,0.000061035156250,0.000000000000000
112600.000000000000000,0.000000000000000,0.000000000000000,0.000030517578125
112700.000000000000000,0.000000000000000,0.000030517578125,0.000030517578125
112800.000000000000000,0.000000000000000,0.000000000000000,0.000030517578125
112900.000000000000000,0.000000000000000,0.000000000000000,0.000030517578125
113000.000000000000000,0.000000000000000,0.000000000000000,0.000000000000000
113100.000000000000000,0.000000000000000,0.000030517578125,0.000030517578125
113200.000000000000000,0.000000000000000,0.000030517578125,0.000030517578125
113300.000000000000000,0.000000000000000,0.000000000000000,0.000000000000000
113400.000000000000000,0.000000000000000,0.000000000000000,0.000030517578125
113500.000000000000000,0.000000000000000,0.000030517578125,0.000000000000000
113600.000000000000000,0.000000000000000,0.000000000000000,0.000000000000000
113700.000000000000000,0.000000000000000,0.000030517578125,0.000000000000000
113800.000000000000000,0.000000000000000,0.000030517578125,0.000000000000000
113900.000000000000000,0.000000000000000,0.000000000000000,0.000000000000000
114000.000000000000000,0.000000000000000,0.000000000000000,0.000030517578125
114100.000000000000000,0.000000000000000,0.000030517578125,0.000000000000000
114200.000000000000000,0.000000000000000,0.000030517578125,0.000000000000000
114300.000000000000000,0.000000000000000,0.000000000000000,0.000030517578125
114400.000000000000000,0.000000000000000,0.000030517578125,0.000030517578125
114500.000000000000000,0.000000000000000,0.000000000000000,0.000030517578125
114600.000000000000000,0.000000000000000,0.000000000000000,0.000000000000000
114700.000000000000000,0.000000000000000,0.000000000000000,0.000030517578125
114800.000000000000000,0.000000000000000,0.000000000000000,0.000030517578125
114900.000000000000000,0.000000000000000,0.000030517578125,0.000030517578125
115000.000000000000000,0.000000000000000,0.000030517578125,0.000000000000000
115100.000000000000000,0.000000000000000,0.000000000000000,0.000030517578125
115200.000000000000000,0.000000000000000,0.000000000000000,0.000030517578125
115300.000000000000000,0.000000000000000,0.000030517578125,0.000000000000000
115400.000000000000000,0.000000000000000,0.000000000000000,0.000000000000000
115500.000000000000000,0.000000000000000,0.000000000000000,0.000000000000000
115600.000000000000000,0.000000000000000,0.000030517578125,0.000000000000000
115700.000000000000000,0.000000000000000,0.000000000000000,0.000030517578125
115800.000000000000000,0.000000000000000,0.000030517578125,0.000000000000000
115900.000000000000000,0.000000000000000,0.000000000000000,0.000000000000000
116000.000000000000000,0.000000000000000,0.000030517578125,0.000000000000000
116100.000000000000000,0.000000000000000,0.000000000000000,0.000030517578125
116200.000000000000000,0.000000000000000,0.000030517578125,0.000000000000000
116300.000000000000000,0.000000000000000,0.000030517578125,0.000030517578125
116400.000000000000000,0.000000000000000,0.000000000000000,0.000000000000000
116500.000000000000000,0.000000000000000,0.000030517578125,0.000061035156250
116600.000000000000000,0.000000000000000,0.000000000000000,0.000000000000000
116700.000000000000000,0.000000000000000,0.000030517578125,0.000000000000000
116800.000000000000000,0.000000000000000,0.000000000000000,0.000030517578125
116900.000000000000000,0.000000000000000,0.000030517578125,0.000000000000000
117000.000000000000000,0.000000000000000,0.000000000000000,0.000030517578125
117100.000000000000000,0.000000000000000,0.000030517578125,0.000000000000000
117200.000000000000000,0.000000000000000,0.000000000000000,0.000030517578125
117300.000000000000000,0.000000000000000,0.000030517578125,0.000000000000000
117400.000000000000000,0.000000000000000,0.000000000000000,0.000030517578125
117500.000000000000000,0.000000000000000,0.000000000000000,0.000030517578125
117600.000000000000000,0.000000000000000,0.000030517578125,0.000000000000000
117700.000000000000000,0.000000000000000,0.000030517578125,0.000000000000000
117800.000000000000000,0.000000000000000,0.000000000000000,0.000000000000000
117900.000000000000000,0.000000000000000,0.000000000000000,0.000030517578125
118000.000000000000000,0.000000000000000,0.000030517578125,0.000030517578125
118100.000000000000000,0.000000000000000,0.000000000000000,0.000030517578125
118200.000000000000000,0.000000000000000,0.000000000000000,0.000030517578125
118300.000000000000000,0.000000000000000,0.000030517578125,0.000000000000000
118400.000000000000000,0.000000000000000,0.000000000000000,0.000000000000000
118500.000000000000000,0.000000000000000,0.000000000000000,0.000030517578125
118600.000000000000000,0.000000000000000,0.000000000000000,0.000000000000000
118700.000000000000000,0.000000000000000,0.000000000000000,0.000030517578125
118800.000000000000000,0.000000000000000,0.000030517578125,0.000000000000000
118900.000000000000000,0.000000000000000,0.000000000000000,0.000030517578125
119000.000000000000000,0.000000000000000,0.000000000000000,0.000030517578125
119100.000000000000000,0.000000000000000,0.000000000000000,0.000030517578125
119200.000000000000000,0.000000000000000,0.000030517578125,0.000000000000000
119300.000000000000000,0.000000000000000,0.000000000000000,0.000000000000000
119400.000000000000000,0.000000000000000,0.000000000000000,0.000061035156250
119500.000000000000000,0.000000000000000,0.000000000000000,0.000030517578125
119600.000000000000000,0.000000000000000,0.000030517578125,0.000000000000000
119700.000000000000000,0.000000000000000,0.000000000000000,0.000000000000000
119800.000000000000000,0.000000000000000,0.000030517578125,0.000030517578125
119900.000000000000000,0.000000000000000,0.000030517578125,0.000030517578125
120000.000000000000000,0.000000000000000,0.000000000000000,0.000000000000000
120100.000000000000000,0.000000000000000,0.000030517578125,0.000000000000000
120200.000000000000000,0.000000000000000,0.000030517578125,0.000030517578125
120300.000000000000000,0.000000000000000,0.000000000000000,0.000030517578125
120400.000000000000000,0.000000000000000,0.000030517578125,0.000000000000000
120500.000000000000000,0.000000000000000,0.000030517578125,0.000030517578125
120600.000000000000000,0.000000000000000,0.000000000000000,0.000000000000000
120700.000000000000000,0.000000000000000,0.000030517578125,0.000000000000000
120800.000000000000000,0.000000000000000,0.000000000000000,0.000030517578125
120900.000000000000000,0.000000000000000,0.000030517578125,0.000000000000000
121000.000000000000000,0.000000000000000,0.000030517578125,0.000030517578125
121100.000000000000000,0.000000000000000,0.000030517578125,0.000030517578125
121200.000000000000000,0.000000000000000,0.000030517578125,0.000000000000000
121300.000000000000000,0.000000000000000,0.000000000000000,0.000030517578125
121400.000000000000000,0.000000000000000,0.000000000000000,0.000000000000000
121500.000000000000000,0.000000000000000,0.000000000000000,0.000030517578125
121600.000000000000000,0.000000000000000,0.000000000000000,0.000030517578125
121700.000000000000000,0.000000000000000,0.000030517578125,0.000000000000000
121800.000000000000000,0.000000000000000,0.000000000000000,0.000030517578125
121900.000000000000000,0.000000000000000,0.000030517578125,0.000000000000000
122000.000000000000000,0.000000000000000,0.000000000000000,0.000000000000000
122100.000000000000000,0.000000000000000,0.000000000000000,0.000000000000000
122200.000000000000000,0.000000000000000,0.000000000000000,0.000000000000000
122300.000000000000000,0.000000000000000,0.000030517578125,0.000030517578125
122400.000000000000000,0.000000000000000,0.000000000000000,0.000000000000000
122500.000000000000000,0.000000000000000,0.000030517578125,0.000000000000000
122600.000000000000000,0.000000000000000,0.000000000000000,0.000000000000000
122700.000000000000000,0.000000000000000,0.000000000000000,0.000000000000000
122800.000000000000000,0.000000000000000,0.000000000000000,0.000030517578125
122900.000000000000000,0.000000000000000,0.000030517578125,0.000000000000000
123000.000000000000000,0.000000000000000,0.000030517578125,0.000030517578125
123100.000000000000000,0.000000000000000,0.000000000000000,0.000030517578125
123200.000000000000000,0.000000000000000,0.000030517578125,0.000030517578125
123300.000000000000000,0.000000000000000,0.000000000000000,0.000030517578125
123400.000000000000000,0.000000000000000,0.000000000000000,0.000000000000000
123500.000000000000000,0.000000000000000,0.000030517578125,0.000000000000000
123600.000000000000000,0.000000000000000,0.000030517578125,0.000000000000000
123700.000000000000000,0.000000000000000,0.000000000000000,0.000000000000000
123800.000000000000000,0.000000000000000,0.000000000000000,0.000000000000000
123900.000000000000000,0.000000000000000,0.000030517578125,0.000030517578125
124000.000000000000000,0.000000000000000,0.000030517578125,0.000030517578125
124100.000000000000000,0.000000000000000,0.000030517578125,0.000030517578125
124200.000000000000000,0.000000000000000,0.000000000000000,0.000000000000000
124300.000000000000000,0.000000000000000,0.000030517578125,0.000030517578125
124400.000000000000000,0.000000000000000,0.000030517578125,0.000030517578125
124500.000000000000000,0.000000000000000,0.000030517578125,0.000000000000000
124600.000000000000000,0.000000000000000,0.000000000000000,0.000000000000000
124700.000000000000000,0.000000000000000,0.000000000000000,0.000030517578125
124800.000000000000000,0.000000000000000,0.000000000000000,0.000000000000000
124900.000000000000000,0.000000000000000,0.000030517578125,0.000000000000000
125000.000000000000000,0.000000000000000,0.000030517578125,0.000000000000000
125100.000000000000000,0.000000000000000,0.000030517578125,0.000030517578125
125200.000000000000000,0.000000000000000,0.000000000000000,0.000030517578125
125300.000000000000000,0.000000000000000,0.000030517578125,0.000000000000000
125400.000000000000000,0.000000000000000,0.000000000000000,0.000000000000000
125500.000000000000000,0.000000000000000,0.000030517578125,0.000000000000000
125600.000000000000000,0.000000000000000,0.000030517578125,0.000000000000000
125700.000000000000000,0.000000000000000,0.000000000000000,0.000030517578125
125800.000000000000000,0.000000000000000,0.000000000000000,0.000030517578125
125900.000000000000000,0.000000000000000,0.000000000000000,0.000030517578125
126000.000000000000000,0.000000000000000,0.000000000000000,0.000000000000000
126100.000000000000000,0.000000000000000,0.000000000000000,0.000000000000000
126200.000000000000000,0.000000000000000,0.000000000000000,0.000030517578125
126300.000000000000000,0.000000000000000,0.000030517578125,0.000030517578125
126400.000000000000000,0.000000000000000,0.000030517578125,0.000030517578125
126500.000000000000000,0.000000000000000,0.000000000000000,0.000000000000000
126600.000000000000000,0.000000000000000,0.000030517578125,0.000030517578125
126700.000000000000000,0.000000000000000,0.000030517578125,0.000000000000000
126800.000000000000000,0.000000000000000,0.000000000000000,0.000000000000000
126900.000000000000000,0.000000000000000,0.000000000000000,0.000030517578125
127000.000000000000000,0.000000000000000,0.000000000000000,0.000030517578125
127100.000000000000000,0.000000000000000,0.000000000000000,0.000000000000000
127200.000000000000000,0.000000000000000,0.000030517578125,0.000000000000000
127300.000000000000000,0.000000000000000,0.000000000000000,0.000030517578125
127400.000000000000000,0.000000000000000,0.000000000000000,0.000000000000000
127500.000000000000000,0.000000000000000,0.000000000000000,0.000000000000000
127600.000000000000000,0.000000000000000,0.000030517578125,0.000000000000000
127700.000000000000000,0.000000000000000,0.000000000000000,0.000030517578125
127800.000000000000000,0.000000000000000,0.000030517578125,0.000030517578125
127900.000000000000000,0.000000000000000,0.000030517578125,0.000000000000000
128000.000000000000000,0.000000000000000,0.000000000000000,0.000030517578125
128100.000000000000000,0.000000000000000,0.000030517578125,0.000030517578125
128200.000000000000000,0.000000000000000,0.000030517578125,0.000030517578125
128300.000000000000000,0.000000000000000,0.000000000000000,0.000030517578125
128400.000000000000000,0.000000000000000,0.000030517578125,0.000030517578125
128500.000000000000000,0.000000000000000,0.000000000000000,0.000000000000000
128600.000000000000000,0.000000000000000,0.000000000000000,0.000030517578125
128700.000000000000000,0.000000000000000,0.000000000000000,0.000030517578125
128800.000000000000000,0.000000000000000,0.000030517578125,0.000000000000000
128900.000000000000000,0.000000000000000,0.000000000000000,0.000000000000000
129000.000000000000000,0.000000000000000,0.000000000000000,0.000000000000000
129100.000000000000000,0.000000000000000,0.000000000000000,0.000000000000000
129200.000000000000000,0.000000000000000,0.000061035156250,0.000030517578125
129300.000000000000000,0.000000000000000,0.000030517578125,0.000000000000000
129400.000000000000000,0.000000000000000,0.000000000000000,0.000000000000000
129500.000000000000000,0.000000000000000,0.000000000000000,0.000030517578125
129600.000000000000000,0.000000000000000,0.000030517578125,0.000000000000000
129700.000000000000000,0.000000000000000,0.000030517578125,0.000030517578125
129800.000000000000000,0.000000000000000,0.000030517578125,0.000061035156250
129900.000000000000000,0.000000000000000,0.000030517578125,0.000030517578125
130000.000000000000000,0.000000000000000,0.000000000000000,0.000000000000000
130100.000000000000000,0.000000000000000,0.000030517578125,0.000030517578125
130200.000000000000000,0.000000000000000,0.000000000000000,0.000030517578125
130300.000000000000000,0.000000000000000,0.000000000000000,0.000030517578125
130400.000000000000000,0.000000000000000,0.000030517578125,0.000030517578125
130500.000000000000000,0.000000000000000,0.000030517578125,0.000000000000000
130600.000000000000000,0.000000000000000,0.000000000000000,0.000030517578125
130700.000000000000000,0.000000000000000,0.000030517578125,0.000000000000000
130800.000000000000000,0.000000000000000,0.000030517578125,0.000030517578125
130900.000000000000000,0.000000000000000,0.000030517578125,0.000000000000000
131000.000000000000000,0.000000000000000,43.840606689453125,0.000030517578125
131100.000000000000000,0.000000000000000,0.000030517578125,0.000000000000000
131200.000000000000000,0.000000000000000,0.000030517578125,0.000030517578125
131300.000000000000000,0.000000000000000,0.000030517578125,0.000000000000000
131400.000000000000000,0.000000000000000,0.000000000000000,0.000030517578125
131500.000000000000000,0.000000000000000,0.000000000000000,0.000000000000000
131600.000000000000000,0.000000000000000,0.000000000000000,0.000000000000000
131700.000000000000000,0.000000000000000,0.000030517578125,0.000030517578125
131800.000000000000000,0.000000000000000,0.000030517578125,0.000030517578125
131900.000000000000000,0.000000000000000,0.000000000000000,0.000030517578125
132000.000000000000000,0.000000000000000,0.000030517578125,0.000000000000000
132100.000000000000000,0.000000000000000,0.000030517578125,0.000000000000000
132200.000000000000000,0.000000000000000,0.000030517578125,0.000000000000000
132300.000000000000000,0.000000000000000,0.000000000000000,0.000000000000000
132400.000000000000000,0.000000000000000,0.000000000000000,0.000000000000000
132500.000000000000000,0.000000000000000,0.000000000000000,0.000030517578125
132600.000000000000000,0.000000000000000,0.000000000000000,0.000030517578125
132700.000000000000000,0.000000000000000,0.000000000000000,0.000061035156250
132800.000000000000000,0.000000000000000,0.000030517578125,0.000061035156250
132900.000000000000000,0.000000000000000,0.000000000000000,0.000000000000000
133000.000000000000000,0.000000000000000,0.000000000000000,0.000030517578125
133100.000000000000000,0.000000000000000,0.000000000000000,0.000030517578125
133200.000000000000000,0.000000000000000,0.000000000000000,0.000030517578125
133300.000000000000000,0.000000000000000,0.000000000000000,0.000000000000000
133400.000000000000000,0.000000000000000,0.000000000000000,0.000000000000000
133500.000000000000000,0.000000000000000,0.000030517578125,0.000030517578125
133600.000000000000000,0.000000000000000,0.000000000000000,0.000000000000000
133700.000000000000000,0.000000000000000,0.000030517578125,0.000030517578125
133800.000000000000000,0.000000000000000,0.000000000000000,0.000000000000000
133900.000000000000000,0.000000000000000,0.000030517578125,0.000000000000000
134000.000000000000000,0.000000000000000,0.000030517578125,0.000000000000000
134100.000000000000000,0.000000000000000,0.000000000000000,0.000030517578125
134200.000000000000000,0.000000000000000,0.000000000000000,0.000030517578125
134300.000000000000000,0.000000000000000,0.000061035156250,0.000030517578125
134400.000000000000000,0.000000000000000,0.000000000000000,0.000030517578125
134500.000000000000000,0.000000000000000,0.000000000000000,0.000000000000000
134600.000000000000000,0.000000000000000,0.000000000000000,0.000000000000000
134700.000000000000000,0.000000000000000,0.000030517578125,0.000030517578125
134800.000000000000000,0.000000000000000,0.000000000000000,0.000000000000000
134900.000000000000000,0.000000000000000,0.000030517578125,0.000000000000000
135000.000000000000000,0.000000000000000,0.000030517578125,0.000000000000000
135100.000000000000000,0.000000000000000,0.000000000000000,0.000000000000000
135200.000000000000000,0.000000000000000,0.000030517578125,0.000000000000000
135300.000000000000000,0.000000000000000,0.000000000000000,0.000030517578125
135400.000000000000000,0.000000000000000,0.000030517578125,0.000000000000000
135500.000000000000000,0.000000000000000,0.000000000000000,0.000030517578125
135600.000000000000000,0.000000000000000,0.000061035156250,0.000030517578125
135700.000000000000000,0.000000000000000,0.000030517578125,0.000000000000000
135800.000000000000000,0.000000000000000,0.000000000000000,0.000000000000000
135900.000000000000000,0.000000000000000,0.000000000000000,0.000000000000000
136000.000000000000000,0.000000000000000,0.000000000000000,0.000000000000000
136100.000000000000000,0.000000000000000,0.000000000000000,0.000030517578125
136200.000000000000000,0.000000000000000,0.000030517578125,0.000030517578125
136300.000000000000000,0.000000000000000,0.000030517578125,0.000030517578125
136400.000000000000000,0.000000000000000,0.000000000000000,0.000000000000000
136500.000000000000000,0.000000000000000,0.000030517578125,0.000061035156250
136600.000000000000000,0.000000000000000,0.000000000000000,0.000000000000000
136700.000000000000000,0.000000000000000,0.000000000000000,0.000030517578125
136800.000000000000000,0.000000000000000,0.000030517578125,0.000000000000000
136900.000000000000000,0.000000000000000,0.000000000000000,0.000000000000000
137000.000000000000000,0.000000000000000,0.000030517578125,0.000030517578125
137100.000000000000000,0.000000000000000,0.000000000000000,0.000030517578125
137200.000000000000000,0.000000000000000,0.000000000000000,0.000000000000000
137300.000000000000000,0.000000000000000,0.000030517578125,0.000030517578125
137400.000000000000000,0.000000000000000,0.000000000000000,0.000030517578125
137500.000000000000000,0.000000000000000,0.000030517578125,0.000000000000000
137600.000000000000000,0.000000000000000,0.000000000000000,0.000000000000000
137700.000000000000000,0.000000000000000,0.000030517578125,0.000000000000000
137800.000000000000000,0.000000000000000,0.000000000000000,0.000000000000000
137900.000000000000000,0.000000000000000,0.000000000000000,0.000030517578125
138000.000000000000000,0.000000000000000,0.000000000000000,0.000000000000000
138100.000000000000000,0.000000000000000,0.000030517578125,0.000030517578125
138200.000000000000000,0.000000000000000,0.000030517578125,0.000030517578125
138300.000000000000000,0.000000000000000,0.000030517578125,0.000000000000000
138400.000000000000000,0.000000000000000,0.000030517578125,0.000030517578125
138500.000000000000000,0.000000000000000,0.000000000000000,0.000000000000000
138600.000000000000000,0.000000000000000,0.000030517578125,0.000030517578125
138700.000000000000000,0.000000000000000,0.000030517578125,0.000030517578125
138800.000000000000000,0.000000000000000,0.000000000000000,0.000030517578125
138900.000000000000000,0.000000000000000,0.000000000000000,0.000000000000000
139000.000000000000000,0.000000000000000,0.000000000000000,0.000030517578125
139100.000000000000000,0.000000000000000,0.000000000000000,0.000000000000000
139200.000000000000000,0.000000000000000,0.000000000000000,0.000000000000000
139300.000000000000000,0.000000000000000,0.000030517578125,0.000030517578125
139400.000000000000000,0.000000000000000,0.000030517578125,0.000000000000000
139500.000000000000000,0.000000000000000,0.000061035156250,0.000030517578125
139600.000000000000000,0.000000000000000,0.000000000000000,0.000000000000000
139700.000000000000000,0.000000000000000,0.000030517578125,0.000030517578125
139800.000000000000000,0.000000000000000,0.000000000000000,0.000030517578125
139900.000000000000000,0.000000000000000,0.000030517578125,0.000000000000000
140000.000000000000000,0.000000000000000,0.000030517578125,0.000030517578125
140100.000000000000000,0.000000000000000,0.000030517578125,0.000000000000000
140200.000000000000000,0.000000000000000,0.000030517578125,0.000061035156250
140300.000000000000000,0.000000000000000,0.000000000000000,0.000000000000000
140400.000000000000000,0.000000000000000,0.000030517578125,0.000000000000000
140500.000000000000000,0.000000000000000,0.000030517578125,0.000030517578125
140600.000000000000000,0.000000000000000,0.000000000000000,0.000000000000000
140700.000000000000000,0.000000000000000,0.000000000000000,0.000030517578125
140800.000000000000000,0.000000000000000,0.000000000000000,0.000000000000000
140900.000000000000000,0.000000000000000,0.000030517578125,0.000000000000000
141000.000000000000000,0.000000000000000,0.000030517578125,0.000030517578125
141100.000000000000000,0.000000000000000,0.000000000000000,0.000030517578125
141200.000000000000000,0.000000000000000,0.000000000000000,0.000000000000000
141300.000000000000000,0.000000000000000,0.000000000000000,0.000030517578125
141400.000000000000000,0.000000000000000,0.000000000000000,0.000000000000000
141500.000000000000000,0.000000000000000,0.000000000000000,0.000000000000000
141600.000000000000000,0.000000000000000,0.000000000000000,0.000000000000000
141700.000000000000000,0.000000000000000,0.000000000000000,0.000030517578125
141800.000000000000000,0.000000000000000,0.000000000000000,0.000000000000000
141900.000000000000000,0.000000000000000,0.000000000000000,0.000030517578125
142000.000000000000000,0.000000000000000,0.000000000000000,0.000061035156250
142100.000000000000000,0.000000000000000,0.000000000000000,0.000000000000000
142200.000000000000000,0.000000000000000,0.000030517578125,0.000000000000000
142300.000000000000000,0.000000000000000,0.000030517578125,0.000030517578125
142400.000000000000000,0.000000000000000,0.000030517578125,0.000030517578125
142500.000000000000000,0.000000000000000,0.000000000000000,0.000000000000000
142600.000000000000000,0.000000000000000,0.000000000000000,0.000030517578125
142700.000000000000000,0.000000000000000,0.000030517578125,0.000030517578125
142800.000000000000000,0.000000000000000,0.000000000000000,0.000061035156250
142900.000000000000000,0.000000000000000,0.000061035156250,0.000000000000000
143000.000000000000000,0.000000000000000,0.000030517578125,0.000030517578125
143100.000000000000000,0.000000000000000,0.000030517578125,0.000030517578125
143200.000000000000000,0.000000000000000,0.000000000000000,0.000000000000000
143300.000000000000000,0.000000000000000,0.000000000000000,0.000000000000000
143400.000000000000000,0.000000000000000,0.000030517578125,0.000030517578125
143500.000000000000000,0.000000000000000,0.000000000000000,0.000000000000000
143600.000000000000000,0.000000000000000,0.000030517578125,0.000000000000000
143700.000000000000000,0.000000000000000,0.000000000000000,0.000030517578125
143800.000000000000000,0.000000000000000,0.000061035156250,0.000000000000000
143900.000000000000000,0.000000000000000,0.000061035156250,0.000000000000000
144000.000000000000000,0.000000000000000,0.000000000000000,0.000030517578125
144100.000000000000000,0.000000000000000,0.000000000000000,0.000000000000000
144200.000000000000000,0.000000000000000,0.000030517578125,0.000000000000000
144300.000000000000000,0.000000000000000,0.000030517578125,0.000000000000000
144400.000000000000000,0.000000000000000,0.000000000000000,0.000000000000000
144500.000000000000000,0.000000000000000,0.000000000000000,0.000000000000000
144600.000000000000000,0.000000000000000,0.000000000000000,0.000000000000000
144700.000000000000000,0.000000000000000,0.000000000000000,0.000030517578125
144800.000000000000000,0.000000000000000,0.000000000000000,0.000030517578125
144900.000000000000000,0.000000000000000,0.000061035156250,0.000061035156250
145000.000000000000000,0.000000000000000,0.000030517578125,0.000030517578125
145100.000000000000000,0.000000000000000,0.000000000000000,0.000030517578125
145200.000000000000000,0.000000000000000,0.000000000000000,0.000000000000000
145300.000000000000000,0.000000000000000,0.000030517578125,0.000030517578125
145400.000000000000000,0.000000000000000,0.000030517578125,0.000000000000000
145500.000000000000000,0.000000000000000,0.000030517578125,0.000030517578125
145600.000000000000000,0.000000000000000,0.000000000000000,0.000000000000000
145700.000000000000000,0.000000000000000,0.000000000000000,0.000030517578125
145800.000000000000000,0.000000000000000,0.000000000000000,0.000000000000000
145900.000000000000000,0.000000000000000,0.000000000000000,0.000030517578125
146000.000000000000000,0.000000000000000,0.000000000000000,0.000000000000000
146100.000000000000000,0.000000000000000,0.000000000000000,0.000000000000000
146200.000000000000000,0.000000000000000,0.000000000000000,0.000000000000000
146300.000000000000000,0.000000000000000,0.000000000000000,0.000000000000000
146400.000000000000000,0.000000000000000,0.000000000000000,0.000030517578125
146500.000000000000000,0.000000000000000,0.000000000000000,0.000030517578125
146600.000000000000000,0.000000000000000,0.000000000000000,0.000030517578125
146700.000000000000000,0.000000000000000,0.000000000000000,0.000030517578125
146800.000000000000000,0.000000000000000,0.000030517578125,0.000030517578125
146900.000000000000000,0.000000000000000,0.000030517578125,0.000000000000000
147000.000000000000000,0.000000000000000,0.000030517578125,0.000030517578125
147100.000000000000000,0.000000000000000,0.000030517578125,0.000000000000000
147200.000000000000000,0.000000000000000,0.000000000000000,0.000000000000000
147300.000000000000000,0.000000000000000,0.000030517578125,0.000000000000000
147400.000000000000000,0.000000000000000,0.000000000000000,0.000000000000000
147500.000000000000000,0.000000000000000,0.000000000000000,0.000030517578125
147600.000000000000000,0.000000000000000,0.000030517578125,0.000000000000000
147700.000000000000000,0.000000000000000,0.000000000000000,0.000000000000000
147800.000000000000000,0.000000000000000,0.000030517578125,0.000030517578125
147900.000000000000000,0.000000000000000,0.000000000000000,0.000061035156250
148000.000000000000000,0.000000000000000,0.000030517578125,0.000000000000000
148100.000000000000000,0.000000000000000,0.000030517578125,0.000030517578125
148200.000000000000000,0.000000000000000,0.000000000000000,0.000000000000000
148300.000000000000000,0.000000000000000,0.000030517578125,0.000030517578125
148400.000000000000000,0.000000000000000,0.000030517578125,0.000030517578125
148500.000000000000000,0.000000000000000,0.000030517578125,0.000030517578125
148600.000000000000000,0.000000000000000,0.000030517578125,0.000030517578125
148700.000000000000000,0.000000000000000,0.000000000000000,0.000030517578125
148800.000000000000000,0.000000000000000,0.000000000000000,0.000000000000000
148900.000000000000000,0.000000000000000,0.000000000000000,0.000000000000000
149000.000000000000000,0.000000000000000,0.000000000000000,0.000000000000000
149100.000000000000000,0.000000000000000,0.000030517578125,0.000030517578125
149200.000000000000000,0.000000000000000,0.000000000000000,0.000000000000000
149300.000000000000000,0.000000000000000,0.000030517578125,0.000030517578125
149400.000000000000000,0.000000000000000,0.000000000000000,0.000000000000000
149500.000000000000000,0.000000000000000,0.000000000000000,0.000030517578125
149600.000000000000000,0.000000000000000,0.000000000000000,0.000030517578125
149700.000000000000000,0.000000000000000,0.000000000000000,0.000030517578125
149800.000000000000000,0.000000000000000,0.000000000000000,0.000000000000000
149900.000000000000000,0.000000000000000,0.000030517578125,0.000000000000000
150000.000000000000000,0.000000000000000,0.000030517578125,0.000000000000000
150100.000000000000000,0.000000000000000,0.000030517578125,0.000000000000000
150200.000000000000000,0.000000000000000,0.000030517578125,0.000030517578125
150300.000000000000000,0.000000000000000,0.000000000000000,0.000030517578125
150400.000000000000000,0.000000000000000,0.000030517578125,0.000030517578125
150500.000000000000000,0.000000000000000,0.000000000000000,0.000000000000000
150600.000000000000000,0.000000000000000,0.000000000000000,0.000000000000000
150700.000000000000000,0.000000000000000,0.000030517578125,0.000030517578125
150800.000000000000000,0.000000000000000,0.000030517578125,0.000030517578125
150900.000000000000000,0.000000000000000,0.000000000000000,0.000000000000000
151000.000000000000000,0.000000000000000,0.000030517578125,0.000000000000000
151100.000000000000000,0.000000000000000,0.000000000000000,0.000030517578125
151200.000000000000000,0.000000000000000,0.000030517578125,0.000030517578125
151300.000000000000000,0.000000000000000,0.000030517578125,0.000000000000000
151400.000000000000000,0.000000000000000,0.000000000000000,0.000030517578125
151500.000000000000000,0.000000000000000,0.000030517578125,0.000030517578125
151600.000000000000000,0.000000000000000,0.000000000000000,0.000061035156250
151700.000000000000000,0.000000000000000,0.000030517578125,0.000030517578125
151800.000000000000000,0.000000000000000,0.000000000000000,0.000000000000000
151900.000000000000000,0.000000000000000,0.000000000000000,0.000030517578125
152000.000000000000000,0.000000000000000,0.000000000000000,0.000000000000000
152100.000000000000000,0.000000000000000,0.000000000000000,0.000000000000000
152200.000000000000000,0.000000000000000,0.000030517578125,0.000061035156250
152300.000000000000000,0.000000000000000,0.000061035156250,0.000030517578125
152400.000000000000000,0.000000000000000,0.000030517578125,0.000000000000000
152500.000000000000000,0.000000000000000,0.000030517578125,0.000000000000000
152600.000000000000000,0.000000000000000,0.000030517578125,0.000000000000000
152700.000000000000000,0.000000000000000,0.000030517578125,0.000000000000000
152800.000000000000000,0.000000000000000,0.000061035156250,0.000030517578125
152900.000000000000000,0.000000000000000,0.000000000000000,0.000000000000000
153000.000000000000000,0.000000000000000,0.000030517578125,0.000030517578125
153100.000000000000000,0.000000000000000,0.000030517578125,0.000030517578125
153200.000000000000000,0.000000000000000,0.000000000000000,0.000000000000000
153300.000000000000000,0.000000000000000,0.000030517578125,0.000030517578125
153400.000000000000000,0.000000000000000,0.000000000000000,0.000030517578125
153500.000000000000000,0.000000000000000,0.000000000000000,0.000030517578125
153600.000000000000000,0.000000000000000,0.000030517578125,0.000000000000000
153700.000000000000000,0.000000000000000,0.000000000000000,0.000030517578125
153800.000000000000000,0.000000000000000,0.000000000000000,0.000030517578125
153900.000000000000000,0.000000000000000,0.000000000000000,0.000030517578125
154000.000000000000000,0.000000000000000,0.000000000000000,0.000030517578125
154100.000000000000000,0.000000000000000,0.000000000000000,0.000030517578125
154200.000000000000000,0.000000000000000,0.000000000000000,0.000030517578125
154300.000000000000000,0.000000000000000,0.000000000000000,0.000000000000000
154400.000000000000000,0.000000000000000,0.000000000000000,0.000000000000000
154500.000000000000000,0.000000000000000,0.000000000000000,0.000000000000000
154600.000000000000000,0.000000000000000,0.000030517578125,0.000000000000000
154700.000000000000000,0.000000000000000,0.000030517578125,0.000030517578125
154800.000000000000000,0.000000000000000,0.000000000000000,0.000030517578125
154900.000000000000000,0.000000000000000,0.000000000000000,0.000030517578125
155000.000000000000000,0.000000000000000,0.000000000000000,0.000030517578125
155100.000000000000000,0.000000000000000,0.000030517578125,0.000030517578125
155200.000000000000000,0.000000000000000,0.000030517578125,0.000000000000000
155300.000000000000000,0.000000000000000,0.000000000000000,0.000000000000000
155400.000000000000000,0.000000000000000,0.000000000000000,0.000000000000000
155500.000000000000000,0.000000000000000,0.000030517578125,0.000000000000000
155600.000000000000000,0.000000000000000,0.000030517578125,0.000030517578125
155700.000000000000000,0.000000000000000,0.000000000000000,0.000030517578125
155800.000000000000000,0.000000000000000,0.000030517578125,0.000000000000000
155900.000000000000000,0.000000000000000,0.000000000000000,0.000030517578125
156000.000000000000000,0.000000000000000,0.000000000000000,0.000000000000000
156100.000000000000000,0.000000000000000,0.000000000000000,0.000030517578125
156200.000000000000000,0.000000000000000,0.000000000000000,0.000030517578125
156300.000000000000000,0.000000000000000,0.000030517578125,0.000030517578125
156400.000000000000000,0.000000000000000,0.000030517578125,0.000000000000000
156500.000000000000000,0.000000000000000,0.000000000000000,0.000030517578125
156600.000000000000000,0.000000000000000,0.000000000000000,0.000000000000000
156700.000000000000000,0.000000000000000,0.000030517578125,0.000000000000000
156800.000000000000000,0.000000000000000,0.000000000000000,0.000000000000000
156900.000000000000000,0.000000000000000,0.000000000000000,0.000030517578125
157000.000000000000000,0.000000000000000,0.000000000000000,0.000030517578125
157100.000000000000000,0.000000000000000,0.000030517578125,0.000000000000000
157200.000000000000000,0.000000000000000,0.000030517578125,0.000030517578125
157300.000000000000000,0.000000000000000,0.000000000000000,0.000030517578125
157400.000000000000000,0.000000000000000,0.000000000000000,0.000030517578125
157500.000000000000000,0.000000000000000,0.000000000000000,0.000000000000000
157600.000000000000000,0.000000000000000,0.000030517578125,0.000000000000000
157700.000000000000000,0.000000000000000,0.000030517578125,0.000030517578125
157800.000000000000000,0.000000000000000,0.000000000000000,0.000000000000000
157900.000000000000000,0.000000000000000,0.000030517578125,0.000030517578125
158000.000000000000000,0.000000000000000,0.000000000000000,0.000030517578125
158100.000000000000000,0.000000000000000,0.000030517578125,0.000030517578125
158200.000000000000000,0.000000000000000,0.000030517578125,0.000030517578125
158300.000000000000000,0.000000000000000,0.000000000000000,0.000000000000000
158400.000000000000000,0.000000000000000,0.000030517578125,0.000000000000000
158500.000000000000000,0.000000000000000,0.000030517578125,0.000000000000000
158600.000000000000000,0.000000000000000,0.000000000000000,0.000000000000000
158700.000000000000000,0.000000000000000,0.000030517578125,0.000030517578125
158800.000000000000000,0.000000000000000,0.000000000000000,0.000061035156250
158900.000000000000000,0.000000000000000,0.000000000000000,0.000000000000000
159000.000000000000000,0.000000000000000,0.000000000000000,0.000030517578125
159100.000000000000000,0.000000000000000,0.000000000000000,0.000000000000000
159200.000000000000000,0.000000000000000,0.000000000000000,0.000030517578125
159300.000000000000000,0.000000000000000,0.000030517578125,0.000030517578125
159400.000000000000000,0.000000000000000,0.000030517578125,0.000000000000000
159500.000000000000000,0.000000000000000,0.000000000000000,0.000030517578125
159600.000000000000000,0.000000000000000,0.000000000000000,0.000030517578125
159700.000000000000000,0.000000000000000,0.000000000000000,0.000030517578125
159800.000000000000000,0.000000000000000,0.000061035156250,0.000030517578125
159900.000000000000000,0.000000000000000,0.000000000000000,0.000000000000000
160000.000000000000000,0.000000000000000,0.000000000000000,0.000000000000000
160100.000000000000000,0.000000000000000,0.000000000000000,0.000030517578125
160200.000000000000000,0.000000000000000,0.000061035156250,0.000030517578125
160300.000000000000000,0.000000000000000,0.000000000000000,0.000030517578125
160400.000000000000000,0.000000000000000,0.000000000000000,0.000030517578125
160500.000000000000000,0.000000000000000,0.000000000000000,0.000000000000000
160600.000000000000000,0.000000000000000,0.000030517578125,0.000000000000000
160700.000000000000000,0.000000000000000,0.000030517578125,0.000030517578125
160800.000000000000000,0.000000000000000,0.000030517578125,0.000030517578125
160900.000000000000000,0.000000000000000,0.000030517578125,0.000000000000000
161000.000000000000000,0.000000000000000,0.000000000000000,0.000000000000000
161100.000000000000000,0.000000000000000,0.000030517578125,0.000030517578125
161200.000000000000000,0.000000000000000,0.000030517578125,0.000000000000000
161300.000000000000000,0.000000000000000,0.000000000000000,0.000030517578125
161400.000000000000000,0.000000000000000,0.000000000000000,0.000030517578125
161500.000000000000000,0.000000000000000,0.000000000000000,0.000030517578125
161600.000000000000000,0.000000000000000,0.000030517578125,0.000000000000000
161700.000000000000000,0.000000000000000,0.000000000000000,0.000030517578125
161800.000000000000000,0.000000000000000,0.000000000000000,0.000030517578125
161900.000000000000000,0.000000000000000,0.000000000000000,0.000030517578125
162000.000000000000000,0.000000000000000,0.000030517578125,0.000000000000000
162100.000000000000000,0.000000000000000,0.000030517578125,0.000030517578125
162200.000000000000000,0.000000000000000,0.000000000000000,0.000030517578125
162300.000000000000000,0.000000000000000,0.000000000000000,0.000000000000000
162400.000000000000000,0.000000000000000,0.000000000000000,0.000030517578125
162500.000000000000000,0.000000000000000,0.000030517578125,0.000000000000000
162600.000000000000000,0.000000000000000,0.000030517578125,0.000030517578125
162700.000000000000000,0.000000000000000,0.000030517578125,0.000000000000000
162800.000000000000000,0.000000000000000,0.000000000000000,0.000030517578125
162900.000000000000000,0.000000000000000,0.000000000000000,0.000030517578125
163000.000000000000000,0.000000000000000,0.000061035156250,0.000030517578125
163100.000000000000000,0.000000000000000,0.000030517578125,0.000030517578125
163200.000000000000000,0.000000000000000,0.000000000000000,0.000000000000000
163300.000000000000000,0.000000000000000,0.000000000000000,0.000030517578125
163400.000000000000000,0.000000000000000,0.000000000000000,0.000000000000000
163500.000000000000000,0.000000000000000,0.000030517578125,0.000000000000000
163600.000000000000000,0.000000000000000,0.000030517578125,0.000030517578125
163700.000000000000000,0.000000000000000,0.000000000000000,0.000030517578125
163800.000000000000000,0.000000000000000,0.000030517578125,0.000061035156250
163900.000000000000000,0.000000000000000,0.000000000000000,0.000000000000000
164000.000000000000000,0.000000000000000,0.000030517578125,0.000030517578125
164100.000000000000000,0.000000000000000,0.000000000000000,0.000000000000000
164200.000000000000000,0.000000000000000,0.000000000000000,0.000000000000000
164300.000000000000000,0.000000000000000,0.000000000000000,0.000000000000000
164400.000000000000000,0.000000000000000,0.000030517578125,0.000000000000000
164500.000000000000000,0.000000000000000,0.000000000000000,0.000030517578125
164600.000000000000000,0.000000000000000,0.000030517578125,0.000030517578125
164700.000000000000000,0.000000000000000,0.000000000000000,0.000030517578125
164800.000000000000000,0.000000000000000,0.000000000000000,0.000030517578125
164900.000000000000000,0.000000000000000,0.000000000000000,0.000030517578125
165000.000000000000000,0.000000000000000,0.000000000000000,0.000030517578125
165100.000000000000000,0.000000000000000,0.000061035156250,0.000000000000000
165200.000000000000000,0.000000000000000,0.000030517578125,0.000000000000000
165300.000000000000000,0.000000000000000,0.000030517578125,0.000000000000000
165400.000000000000000,0.000000000000000,0.000000000000000,0.000030517578125
165500.000000000000000,0.000000000000000,0.000030517578125,0.000030517578125
165600.000000000000000,0.000000000000000,0.000030517578125,0.000061035156250
165700.000000000000000,0.000000000000000,0.000000000000000,0.000030517578125
165800.000000000000000,0.000000000000000,0.000000000000000,0.000030517578125
165900.000000000000000,0.000000000000000,0.000000000000000,0.000000000000000
166000.000000000000000,0.000000000000000,0.000000000000000,0.000030517578125
166100.000000000000000,0.000000000000000,0.000000000000000,0.000000000000000
166200.000000000000000,0.000000000000000,0.000000000000000,0.000000000000000
166300.000000000000000,0.000000000000000,0.000000000000000,0.000061035156250
166400.000000000000000,0.000000000000000,0.000030517578125,0.000030517578125
166500.000000000000000,0.000000000000000,0.000030517578125,0.000000000000000
166600.000000000000000,0.000000000000000,0.000000000000000,0.000000000000000
166700.000000000000000,0.000000000000000,0.000030517578125,0.000030517578125
166800.000000000000000,0.000000000000000,0.000030517578125,0.000000000000000
166900.000000000000000,0.000000000000000,0.000000000000000,0.000030517578125
167000.000000000000000,0.000000000000000,0.000000000000000,0.000030517578125
167100.000000000000000,0.000000000000000,0.000000000000000,0.000000000000000
167200.000000000000000,0.000000000000000,0.000000000000000,0.000030517578125
167300.000000000000000,0.000000000000000,0.000030517578125,0.000030517578125
167400.000000000000000,0.000000000000000,0.000000000000000,0.000000000000000
167500.000000000000000,0.000000000000000,0.000030517578125,0.000000000000000
167600.000000000000000,0.000000000000000,0.000000000000000,0.000000000000000
167700.000000000000000,0.000000000000000,0.000000000000000,0.000000000000000
167800.000000000000000,0.000000000000000,0.000000000000000,0.000000000000000
167900.000000000000000,0.000000000000000,0.000030517578125,0.000030517578125
168000.000000000000000,0.000000000000000,0.000030517578125,0.000000000000000
168100.000000000000000,0.000000000000000,0.000000000000000,0.000000000000000
168200.000000000000000,0.000000000000000,0.000030517578125,0.000000000000000
168300.000000000000000,0.000000000000000,0.000030517578125,0.000000000000000
168400.000000000000000,0.000000000000000,0.000000000000000,0.000000000000000
168500.000000000000000,0.000000000000000,0.000030517578125,0.000030517578125
168600.000000000000000,0.000000000000000,0.000030517578125,0.000030517578125
168700.000000000000000,0.000000000000000,0.000030517578125,0.000030517578125
168800.000000000000000,0.000000000000000,0.000000000000000,0.000000000000000
168900.000000000000000,0.000000000000000,0.000000000000000,0.000030517578125
169000.000000000000000,0.000000000000000,0.000030517578125,0.000030517578125
169100.000000000000000,0.000000000000000,0.000000000000000,0.000030517578125
169200.000000000000000,0.000000000000000,0.000030517578125,0.000000000000000
169300.000000000000000,0.000000000000000,0.000000000000000,0.000030517578125
169400.000000000000000,0.000000000000000,0.000030517578125,0.000061035156250
169500.000000000000000,0.000000000000000,0.000000000000000,0.000030517578125
169600.000000000000000,0.000000000000000,0.000000000000000,0.000030517578125
169700.000000000000000,0.000000000000000,0.000000000000000,0.000030517578125
169800.000000000000000,0.000000000000000,0.000030517578125,0.000000000000000
169900.000000000000000,0.000000000000000,0.000000000000000,0.000030517578125
170000.000000000000000,0.000000000000000,0.000000000000000,0.000061035156250
170100.000000000000000,0.000000000000000,0.000030517578125,0.000000000000000
170200.000000000000000,0.000000000000000,0.000030517578125,0.000000000000000
170300.000000000000000,0.000000000000000,0.000000000000000,0.000061035156250
170400.000000000000000,0.000000000000000,0.000000000000000,0.000030517578125
170500.000000000000000,0.000000000000000,0.000000000000000,0.000030517578125
170600.000000000000000,0.000000000000000,0.000030517578125,0.000030517578125
170700.000000000000000,0.000000000000000,0.000000000000000,0.000030517578125
170800.000000000000000,0.000000000000000,0.000030517578125,0.000030517578125
170900.000000000000000,0.000000000000000,0.000030517578125,0.000000000000000
171000.000000000000000,0.000000000000000,0.000030517578125,0.000061035156250
171100.000000000000000,0.000000000000000,0.000000000000000,0.000030517578125
171200.000000000000000,0.000000000000000,0.000030517578125,0.000000000000000
171300.000000000000000,0.000000000000000,0.000000000000000,0.000000000000000
171400.000000000000000,0.000000000000000,0.000000000000000,0.000000000000000
171500.000000000000000,0.000000000000000,0.000000000000000,0.000030517578125
171600.000000000000000,0.000000000000000,0.000030517578125,0.000000000000000
171700.000000000000000,0.000000000000000,0.000030517578125,0.000030517578125
171800.000000000000000,0.000000000000000,0.000030517578125,0.000030517578125
171900.000000000000000,0.000000000000000,0.000000000000000,0.000030517578125
172000.000000000000000,0.000000000000000,0.000000000000000,0.000030517578125
172100.000000000000000,0.000000000000000,0.000000000000000,0.000000000000000
172200.000000000000000,0.000000000000000,0.000000000000000,0.000000000000000
172300.000000000000000,0.000000000000000,0.000000000000000,0.000061035156250
172400.000000000000000,0.000000000000000,0.000000000000000,0.000000000000000
172500.000000000000000,0.000000000000000,0.000000000000000,0.000000000000000
172600.000000000000000,0.000000000000000,0.000030517578125,0.000000000000000
172700.000000000000000,0.000000000000000,0.000030517578125,0.000000000000000
172800.000000000000000,0.000000000000000,0.000000000000000,0.000030517578125
172900.000000000000000,0.000000000000000,0.000000000000000,0.000030517578125
173000.000000000000000,0.000000000000000,0.000000000000000,0.000000000000000
173100.000000000000000,0.000000000000000,0.000000000000000,0.000030517578125
173200.000000000000000,0.000000000000000,0.000000000000000,0.000000000000000
173300.000000000000000,0.000000000000000,0.000030517578125,0.000030517578125
173400.000000000000000,0.000000000000000,0.000000000000000,0.000030517578125
173500.000000000000000,0.000000000000000,0.000000000000000,0.000030517578125
173600.000000000000000,0.000000000000000,0.000000000000000,0.000030517578125
173700.000000000000000,0.000000000000000,0.000030517578125,0.000030517578125
173800.000000000000000,0.000000000000000,0.000000000000000,0.000030517578125
173900.000000000000000,0.000000000000000,0.000000000000000,0.000000000000000
174000.000000000000000,0.000000000000000,0.000030517578125,0.000030517578125
174100.000000000000000,0.000000000000000,0.000000000000000,0.000061035156250
174200.000000000000000,0.000000000000000,0.000000000000000,0.000030517578125
174300.000000000000000,0.000000000000000,0.000030517578125,0.000030517578125
174400.000000000000000,0.000000000000000,0.000000000000000,0.000030517578125
174500.000000000000000,0.000000000000000,0.000030517578125,0.000030517578125
174600.000000000000000,0.000000000000000,0.000030517578125,0.000030517578125
174700.000000000000000,0.000000000000000,0.000030517578125,0.000030517578125
174800.000000000000000,0.000000000000000,0.000000000000000,0.000000000000000
174900.000000000000000,0.000000000000000,0.000030517578125,0.000000000000000
175000.000000000000000,0.000000000000000,0.000030517578125,0.000061035156250
175100.000000000000000,0.000000000000000,0.000000000000000,0.000000000000000
175200.000000000000000,0.000000000000000,0.000000000000000,0.000030517578125
175300.000000000000000,0.000000000000000,0.000030517578125,0.000030517578125
175400.000000000000000,0.000000000000000,0.000030517578125,0.000000000000000
175500.000000000000000,0.000000000000000,0.000000000000000,0.000000000000000
175600.000000000000000,0.000000000000000,0.000030517578125,0.000000000000000
175700.000000000000000,0.000000000000000,0.000000000000000,0.000000000000000
175800.000000000000000,0.000000000000000,0.000030517578125,0.000000000000000
175900.000000000000000,0.000000000000000,0.000000000000000,0.000030517578125
176000.000000000000000,0.000000000000000,0.000030517578125,0.000061035156250
176100.000000000000000,0.000000000000000,0.000000000000000,0.000000000000000
176200.000000000000000,0.000000000000000,0.000000000000000,0.000030517578125
176300.000000000000000,0.000000000000000,0.000000000000000,0.000030517578125
176400.000000000000000,0.000000000000000,0.000000000000000,0.000000000000000
176500.000000000000000,0.000000000000000,0.000000000000000,0.000030517578125
176600.000000000000000,0.000000000000000,0.000000000000000,0.000000000000000
176700.000000000000000,0.000000000000000,0.000000000000000,0.000000000000000
176800.000000000000000,0.000000000000000,0.000000000000000,0.000030517578125
176900.000000000000000,0.000000000000000,0.000030517578125,0.000030517578125
177000.000000000000000,0.000000000000000,0.000061035156250,0.000030517578125
177100.000000000000000,0.000000000000000,0.000030517578125,0.000030517578125
177200.000000000000000,0.000000000000000,0.000000000000000,0.000000000000000
177300.000000000000000,0.000000000000000,0.000030517578125,0.000000000000000
177400.000000000000000,0.000000000000000,0.000000000000000,0.000030517578125
177500.000000000000000,0.000000000000000,0.000000000000000,0.000000000000000
177600.000000000000000,0.000000000000000,0.000000000000000,0.000030517578125
177700.000000000000000,0.000000000000000,0.000000000000000,0.000030517578125
177800.000000000000000,0.000000000000000,0.000000000000000,0.000030517578125
177900.000000000000000,0.000000000000000,0.000000000000000,0.000030517578125
178000.000000000000000,0.000000000000000,0.000000000000000,0.000000000000000
178100.000000000000000,0.000000000000000,0.000000000000000,0.000000000000000
178200.000000000000000,0.000000000000000,0.000030517578125,0.000030517578125
178300.000000000000000,0.000000000000000,0.000030517578125,0.000061035156250
178400.000000000000000,0.000000000000000,0.000000000000000,0.000030517578125
178500.000000000000000,0.000000000000000,0.000000000000000,0.000000000000000
178600.000000000000000,0.000000000000000,0.000030517578125,0.000000000000000
178700.000000000000000,0.000000000000000,0.000061035156250,0.000061035156250
178800.000000000000000,0.000000000000000,0.000000000000000,0.000030517578125
178900.000000000000000,0.000000000000000,0.000000000000000,0.000030517578125
179000.000000000000000,0.000000000000000,0.000000000000000,0.000000000000000
179100.000000000000000,0.000000000000000,0.000000000000000,0.000030517578125
179200.000000000000000,0.000000000000000,0.000000000000000,0.000061035156250
179300.000000000000000,0.000000000000000,0.000000000000000,0.000000000000000
179400.000000000000000,0.000000000000000,0.000000000000000,0.000030517578125
179500.000000000000000,0.000000000000000,0.000030517578125,0.000030517578125
179600.000000000000000,0.000000000000000,0.000030517578125,0.000030517578125
179700.000000000000000,0.000000000000000,0.000030517578125,0.000000000000000
179800.000000000000000,0.000000000000000,0.000030517578125,0.000000000000000
179900.000000000000000,0.000000000000000,0.000061035156250,0.000061035156250
180000.000000000000000,0.000000000000000,0.000000000000000,0.000030517578125
180100.000000000000000,0.000000000000000,0.000000000000000,0.000030517578125
180200.000000000000000,0.000000000000000,0.000030517578125,0.000000000000000
180300.000000000000000,0.000000000000000,0.000030517578125,0.000030517578125
180400.000000000000000,0.000000000000000,0.000030517578125,0.000061035156250
180500.000000000000000,0.000000000000000,0.000000000000000,0.000000000000000
180600.000000000000000,0.000000000000000,0.000000000000000,0.000030517578125
180700.000000000000000,0.000000000000000,0.000030517578125,0.000030517578125
180800.000000000000000,0.000000000000000,0.000000000000000,0.000030517578125
180900.000000000000000,0.000000000000000,0.000030517578125,0.000000000000000
181000.000000000000000,0.000000000000000,0.000030517578125,0.000030517578125
181100.000000000000000,0.000000000000000,0.000000000000000,0.000000000000000
181200.000000000000000,0.000000000000000,0.000000000000000,0.000030517578125
181300.000000000000000,0.000000000000000,0.000030517578125,0.000061035156250
181400.000000000000000,0.000000000000000,0.000000000000000,0.000030517578125
181500.000000000000000,0.000000000000000,0.000030517578125,0.000030517578125
181600.000000000000000,0.000000000000000,0.000000000000000,0.000030517578125
181700.000000000000000,0.000000000000000,0.000030517578125,0.000000000000000
181800.000000000000000,0.000000000000000,0.000030517578125,0.000000000000000
181900.000000000000000,0.000000000000000,0.000030517578125,0.000000000000000
182000.000000000000000,0.000000000000000,0.000000000000000,0.000000000000000
182100.000000000000000,0.000000000000000,0.000000000000000,0.000030517578125
182200.000000000000000,0.000000000000000,0.000000000000000,0.000061035156250
182300.000000000000000,0.000000000000000,0.000030517578125,0.000030517578125
182400.000000000000000,0.000000000000000,0.000000000000000,0.000000000000000
182500.000000000000000,0.000000000000000,0.000000000000000,0.000000000000000
182600.000000000000000,0.000000000000000,0.000000000000000,0.000030517578125
182700.000000000000000,0.000000000000000,0.000000000000000,0.000000000000000
182800.000000000000000,0.000000000000000,0.000000000000000,0.000030517578125
182900.000000000000000,0.000000000000000,0.000000000000000,0.000000000000000
183000.000000000000000,0.000000000000000,0.000030517578125,0.000030517578125
183100.000000000000000,0.000000000000000,0.000000000000000,0.000030517578125
183200.000000000000000,0.000000000000000,0.000000000000000,0.000000000000000
183300.000000000000000,0.000000000000000,0.000030517578125,0.000000000000000
183400.000000000000000,0.000000000000000,0.000000000000000,0.000030517578125
183500.000000000000000,0.000000000000000,0.000000000000000,0.000030517578125
183600.000000000000000,0.000000000000000,0.000000000000000,0.000000000000000
183700.000000000000000,0.000000000000000,0.000000000000000,0.000030517578125
183800.000000000000000,0.000000000000000,0.000030517578125,0.000030517578125
183900.000000000000000,0.000000000000000,0.000000000000000,0.000000000000000
184000.000000000000000,0.000000000000000,0.000000000000000,0.000000000000000
184100.000000000000000,0.000000000000000,0.000000000000000,0.000030517578125
184200.000000000000000,0.000000000000000,0.000030517578125,0.000000000000000
184300.000000000000000,0.000000000000000,0.000000000000000,0.000030517578125
184400.000000000000000,0.000000000000000,0.000000000000000,0.000030517578125
184500.000000000000000,0.000000000000000,0.000030517578125,0.000000000000000
184600.000000000000000,0.000000000000000,0.000030517578125,0.000030517578125
184700.000000000000000,0.000000000000000,0.000030517578125,0.000030517578125
184800.000000000000000,0.000000000000000,0.000030517578125,0.000000000000000
184900.000000000000000,0.000000000000000,0.000000000000000,0.000000000000000
185000.000000000000000,0.000000000000000,0.000030517578125,0.000000000000000
185100.000000000000000,0.000000000000000,0.000000000000000,0.000030517578125
185200.000000000000000,0.000000000000000,0.000000000000000,0.000030517578125
185300.000000000000000,0.000000000000000,0.000000000000000,0.000030517578125
185400.000000000000000,0.000000000000000,0.000000000000000,0.000000000000000
185500.000000000000000,0.000000000000000,0.000000000000000,0.000030517578125
185600.000000000000000,0.000000000000000,0.000030517578125,0.000030517578125
185700.000000000000000,0.000000000000000,0.000000000000000,0.000030517578125
185800.000000000000000,0.000000000000000,0.000030517578125,0.000030517578125
185900.000000000000000,0.000000000000000,0.000000000000000,0.000061035156250
186000.000000000000000,0.000000000000000,0.000000000000000,0.000030517578125
186100.000000000000000,0.000000000000000,0.000030517578125,0.000000000000000
186200.000000000000000,0.000000000000000,0.000000000000000,0.000000000000000
186300.000000000000000,0.000000000000000,0.000000000000000,0.000000000000000
186400.000000000000000,0.000000000000000,0.000000000000000,0.000030517578125
186500.000000000000000,0.000000000000000,0.000000000000000,0.000000000000000
186600.000000000000000,0.000000000000000,0.000000000000000,0.000030517578125
186700.000000000000000,0.000000000000000,0.000000000000000,0.000000000000000
186800.000000000000000,0.000000000000000,0.000030517578125,0.000000000000000
186900.000000000000000,0.000000000000000,0.000030517578125,0.000000000000000
187000.000000000000000,0.000000000000000,0.000030517578125,0.000000000000000
187100.000000000000000,0.000000000000000,0.000000000000000,0.000000000000000
187200.000000000000000,0.000000000000000,0.000000000000000,0.000000000000000
187300.000000000000000,0.000000000000000,0.000000000000000,0.000000000000000
187400.000000000000000,0.000000000000000,0.000000000000000,0.000000000000000
187500.000000000000000,0.000000000000000,0.000000000000000,0.000000000000000
187600.000000000000000,0.000000000000000,0.000030517578125,0.000000000000000
187700.000000000000000,0.000000000000000,0.000000000000000,0.000000000000000
187800.000000000000000,0.000000000000000,0.000000000000000,0.000030517578125
187900.000000000000000,0.000000000000000,0.000030517578125,0.000030517578125
188000.000000000000000,0.000000000000000,0.000000000000000,0.000030517578125
188100.000000000000000,0.000000000000000,0.000000000000000,0.000030517578125
188200.000000000000000,0.000000000000000,0.000061035156250,0.000000000000000
188300.000000000000000,0.000000000000000,0.000030517578125,0.000030517578125
188400.000000000000000,0.000000000000000,0.000000000000000,0.000000000000000
188500.000000000000000,0.000000000000000,0.000030517578125,0.000000000000000
188600.000000000000000,0.000000000000000,0.000000000000000,0.000030517578125
188700.000000000000000,0.000000000000000,0.000000000000000,0.000030517578125
188800.000000000000000,0.000000000000000,0.000000000000000,0.000030517578125
188900.000000000000000,0.000000000000000,0.000030517578125,0.000000000000000
189000.000000000000000,0.000000000000000,0.000030517578125,0.000030517578125
189100.000000000000000,0.000000000000000,0.000000000000000,0.000000000000000
189200.000000000000000,0.000000000000000,0.000000000000000,0.000000000000000
189300.000000000000000,0.000000000000000,0.000000000000000,0.000000000000000
189400.000000000000000,0.000000000000000,0.000030517578125,0.000000000000000
189500.000000000000000,0.000000000000000,0.000000000000000,0.000030517578125
189600.000000000000000,0.000000000000000,0.000030517578125,0.000000000000000
189700.000000000000000,0.000000000000000,0.000061035156250,0.000030517578125
189800.000000000000000,0.000000000000000,0.000000000000000,0.000000000000000
189900.000000000000000,0.000000000000000,0.000000000000000,0.000030517578125
190000.000000000000000,0.000000000000000,0.000000000000000,0.000030517578125
190100.000000000000000,0.000000000000000,0.000000000000000,0.000000000000000
190200.000000000000000,0.000000000000000,0.000000000000000,0.000030517578125
190300.000000000000000,0.000000000000000,0.000000000000000,0.000000000000000
190400.000000000000000,0.000000000000000,0.000000000000000,0.000030517578125
190500.000000000000000,0.000000000000000,0.000030517578125,0.000030517578125
190600.000000000000000,0.000000000000000,0.000030517578125,0.000000000000000
190700.000000000000000,0.000000000000000,0.000000000000000,0.000000000000000
190800.000000000000000,0.000000000000000,0.000000000000000,0.000030517578125
190900.000000000000000,0.000000000000000,0.000030517578125,0.000000000000000
191000.000000000000000,0.000000000000000,0.000000000000000,0.000000000000000
191100.000000000000000,0.000000000000000,0.000000000000000,0.000030517578125
191200.000000000000000,0.000000000000000,0.000000000000000,0.000000000000000
191300.000000000000000,0.000000000000000,0.000000000000000,0.000030517578125
191400.000000000000000,0.000000000000000,0.000000000000000,0.000000000000000
191500.000000000000000,0.000000000000000,0.000030517578125,0.000000000000000
191600.000000000000000,0.000000000000000,0.000000000000000,0.000030517578125
191700.000000000000000,0.000000000000000,0.000030517578125,0.000030517578125
191800.000000000000000,0.000000000000000,0.000000000000000,0.000030517578125
191900.000000000000000,0.000000000000000,0.000030517578125,0.000000000000000
192000.000000000000000,0.000000000000000,0.000000000000000,0.000000000000000
192100.000000000000000,0.000000000000000,0.000030517578125,0.000000000000000
192200.000000000000000,0.000000000000000,0.000030517578125,0.000030517578125
192300.000000000000000,0.000000000000000,0.000030517578125,0.000030517578125
192400.000000000000000,0.000000000000000,0.000030517578125,0.000000000000000
192500.000000000000000,0.000000000000000,0.000030517578125,0.000000000000000
192600.000000000000000,0.000000000000000,0.000030517578125,0.000030517578125
192700.000000000000000,0.000000000000000,0.000000000000000,0.000000000000000
192800.000000000000000,0.000000000000000,0.000000000000000,0.000000000000000
192900.000000000000000,0.000000000000000,0.000030517578125,0.000000000000000
193000.000000000000000,0.000000000000000,0.000000000000000,0.000000000000000
193100.000000000000000,0.000000000000000,0.000000000000000,0.000030517578125
193200.000000000000000,0.000000000000000,0.000030517578125,0.000030517578125
193300.000000000000000,0.000000000000000,0.000030517578125,0.000000000000000
193400.000000000000000,0.000000000000000,0.000030517578125,0.000030517578125
193500.000000000000000,0.000000000000000,0.000030517578125,0.000000000000000
193600.000000000000000,0.000000000000000,0.000030517578125,0.000000000000000
193700.000000000000000,0.000000000000000,0.000000000000000,0.000000000000000
193800.000000000000000,0.000000000000000,0.000030517578125,0.000000000000000
193900.000000000000000,0.000000000000000,0.000000000000000,0.000030517578125
194000.000000000000000,0.000000000000000,0.000000000000000,0.000030517578125
194100.000000000000000,0.000000000000000,0.000000000000000,0.000030517578125
194200.000000000000000,0.000000000000000,0.000000000000000,0.000030517578125
194300.000000000000000,0.000000000000000,0.000000000000000,0.000030517578125
194400.000000000000000,0.000000000000000,0.000000000000000,0.000000000000000
194500.000000000000000,0.000000000000000,0.000000000000000,0.000000000000000
194600.000000000000000,0.000000000000000,0.000000000000000,0.000000000000000
194700.000000000000000,0.000000000000000,0.000030517578125,0.000000000000000
194800.000000000000000,0.000000000000000,0.000000000000000,0.000030517578125
194900.000000000000000,0.000000000000000,0.000000000000000,0.000030517578125
195000.000000000000000,0.000000000000000,0.000000000000000,0.000030517578125
195100.000000000000000,0.000000000000000,0.000030517578125,0.000000000000000
195200.000000000000000,0.000000000000000,0.000000000000000,0.000030517578125
195300.000000000000000,0.000000000000000,0.000000000000000,0.000030517578125
195400.000000000000000,0.000000000000000,0.000000000000000,0.000030517578125
195500.000000000000000,0.000000000000000,0.000030517578125,0.000000000000000
195600.000000000000000,0.000000000000000,0.000000000000000,0.000030517578125
195700.000000000000000,0.000000000000000,0.000030517578125,0.000000000000000
195800.000000000000000,0.000000000000000,0.000000000000000,0.000061035156250
195900.000000000000000,0.000000000000000,0.000030517578125,0.000030517578125
196000.000000000000000,0.000000000000000,0.000000000000000,0.000030517578125
196100.000000000000000,0.000000000000000,0.000000000000000,0.000000000000000
196200.000000000000000,0.000000000000000,0.000000000000000,0.000000000000000
196300.000000000000000,0.000000000000000,0.000000000000000,0.000000000000000
196400.000000000000000,0.000000000000000,0.000030517578125,0.000061035156250
196500.000000000000000,0.000000000000000,0.000000000000000,0.000030517578125
196600.000000000000000,0.000000000000000,0.000030517578125,0.000030517578125
196700.000000000000000,0.000000000000000,0.000000000000000,0.000000000000000
196800.000000000000000,0.000000000000000,0.000000000000000,0.000000000000000
196900.000000000000000,0.000000000000000,0.000030517578125,0.000061035156250
197000.000000000000000,0.000000000000000,0.000000000000000,0.000061035156250
197100.000000000000000,0.000000000000000,0.000000000000000,0.000030517578125
197200.000000000000000,0.000000000000000,0.000000000000000,0.000000000000000
197300.000000000000000,0.000000000000000,0.000000000000000,0.000000000000000
197400.000000000000000,0.000000000000000,0.000030517578125,0.000030517578125
197500.000000000000000,0.000000000000000,0.000000000000000,0.000000000000000
197600.000000000000000,0.000000000000000,0.000000000000000,0.000030517578125
197700.000000000000000,0.000000000000000,0.000030517578125,0.000000000000000
197800.000000000000000,0.000000000000000,0.000030517578125,0.000030517578125
197900.000000000000000,0.000000000000000,0.000030517578125,0.000000000000000
198000.000000000000000,0.000000000000000,0.000061035156250,0.000000000000000
198100.000000000000000,0.000000000000000,0.000030517578125,0.000030517578125
198200.000000000000000,0.000000000000000,0.000030517578125,0.000000000000000
198300.000000000000000,0.000000000000000,0.000030517578125,0.000000000000000
198400.000000000000000,0.000000000000000,0.000000000000000,0.000000000000000
198500.000000000000000,0.000000000000000,0.000000000000000,0.000000000000000
198600.000000000000000,0.000000000000000,0.000000000000000,0.000000000000000
198700.000000000000000,0.000000000000000,0.000000000000000,0.000000000000000
198800.000000000000000,0.000000000000000,0.000000000000000,0.000000000000000
198900.000000000000000,0.000000000000000,0.000030517578125,0.000030517578125
199000.000000000000000,0.000000000000000,0.000000000000000,0.000030517578125
199100.000000000000000,0.000000000000000,0.000000000000000,0.000000000000000
199200.000000000000000,0.000000000000000,0.000030517578125,0.000000000000000
199300.000000000000000,0.000000000000000,0.000000000000000,0.000000000000000
199400.000000000000000,0.000000000000000,0.000000000000000,0.000030517578125
199500.000000000000000,0.000000000000000,0.000000000000000,0.000000000000000
199600.000000000000000,0.000000000000000,0.000000000000000,0.000030517578125
199700.000000000000000,0.000000000000000,0.000030517578125,0.000000000000000
199800.000000000000000,0.000000000000000,0.000000000000000,0.000000000000000
199900.000000000000000,0.000000000000000,0.000000000000000,0.000000000000000
